{
  "formula": [
    13,
    47,
    75,
    47,
    77,
    40,
    86,
    82
  ],
  "readable": "PPO -> TS_RANK_10 -> TS_SUM_5 -> TS_RANK_10 -> TS_SUM_20 -> TS_MEAN_5 -> CLIP -> SQRT",
  "best_score": 0.4464336633682251,
  "vocab_version": "v71336c7c7b25",
  "symbols": [
    "US30.cash",
    "US100.cash",
    "US500.cash",
    "US2000.cash",
    "JP225.cash"
  ],
  "T": 8538,
  "cost_rate": 0.0003,
  "port_total_ret": 0.566068,
  "port_ann_ret": 0.413711,
  "port_sharpe": 1.8614,
  "port_sortino": 2.2823,
  "port_mdd": 0.190186,
  "port_calmar": 2.1753,
  "ic": 0.012028,
  "avg_turnover": 0.05093401,
  "avg_hold_h": 23.3,
  "max_consec_loss": 11,
  "n_pos_syms": 5,
  "n_syms": 5,
  "half1_sharpe": 1.8192,
  "half2_sharpe": 1.9409,
  "half1_ret": 0.223658,
  "half2_ret": 0.342409,
  "per_sym": {
    "US30.cash": {
      "total_ret": 0.529322,
      "ann_ret": 0.386855,
      "sharpe": 1.9537,
      "sortino": 2.49,
      "mdd": 0.118249,
      "ic": 0.025214,
      "n_trades": 364,
      "avg_hold": 23.5
    },
    "US100.cash": {
      "total_ret": 0.660678,
      "ann_ret": 0.482857,
      "sharpe": 1.7339,
      "sortino": 2.1634,
      "mdd": 0.241886,
      "ic": 0.007245,
      "n_trades": 371,
      "avg_hold": 23.0
    },
    "US500.cash": {
      "total_ret": 0.494278,
      "ann_ret": 0.361243,
      "sharpe": 1.7153,
      "sortino": 2.1333,
      "mdd": 0.212769,
      "ic": 0.014936,
      "n_trades": 368,
      "avg_hold": 23.2
    },
    "US2000.cash": {
      "total_ret": 0.47222,
      "ann_ret": 0.345122,
      "sharpe": 1.0668,
      "sortino": 1.4256,
      "mdd": 0.308919,
      "ic": 0.009686,
      "n_trades": 370,
      "avg_hold": 23.1
    },
    "JP225.cash": {
      "total_ret": 0.673843,
      "ann_ret": 0.492478,
      "sharpe": 1.5433,
      "sortino": 1.8524,
      "mdd": 0.258313,
      "ic": 0.00306,
      "n_trades": 359,
      "avg_hold": 23.8
    }
  }
}